PenId,WellPlateID,WellPlateIndex,WellRow,WellColumn,Barcode,ExportCount,Species,BarcodeSet
5068,WP30105,0,A,1,C1D0F1T0,1,mm,a4_121820
11291,WP30105,0,A,1,C0D0F1T0,1,mm,a4_121820
9609,WP30105,0,A,1,C0D0F1T1,1,mm,a4_121820
5095,WP30105,0,A,1,C1D0F0T1,1,mm,a4_121820
6638,WP30105,0,A,1,C0D1F1T1,1,mm,a4_121820
6492,WP30105,0,A,1,C1D0F0T0,1,mm,a4_121820
6646,WP30105,0,A,1,C1D1F0T0,1,mm,a4_121820
1838,WP30105,0,A,1,C0D0F0T1,2,mm,a4_121820
8141,WP30105,0,A,1,C1D1F1T1,1,mm,a4_121820
11282,WP30105,0,A,1,C0D1F0T0,1,mm,a4_121820
146,WP30105,0,A,1,C0D1F0T1,1,mm,a4_121820
9758,WP30105,0,A,1,C0D1F1T0,1,mm,a4_121820
372,WP30105,0,A,2,C0D1F1T0,1,mm,a4_121820
12855,WP30105,0,A,2,C0D1F1T1,1,mm,a4_121820
8001,WP30105,0,A,2,C0D1F0T1,1,mm,a4_121820
1900,WP30105,0,A,2,C1D1F1T1,1,mm,a4_121820
11285,WP30105,0,A,2,C0D1F0T0,1,mm,a4_121820
3551,WP30105,0,A,2,C1D1F0T0,1,mm,a4_121820
1923,WP30105,0,A,2,C1D0F1T0,1,mm,a4_121820
11297,WP30105,0,A,2,C1D0F0T1,1,mm,a4_121820
3446,WP30105,0,A,2,C0D0F1T0,1,mm,a4_121820
4946,WP30105,0,A,2,C1D0F0T0,1,mm,a4_121820
9452,WP30105,0,A,2,C0D0F1T1,2,mm,a4_121820
6552,WP30105,0,A,2,C0D0F0T1,0,mm,a4_121820
284,WP30105,0,A,3,C0D1F0T0,1,mm,a4_121820
1853,WP30105,0,A,3,C1D1F1T1,1,mm,a4_121820
12764,WP30105,0,A,3,C0D0F1T1,1,mm,a4_121820
11160,WP30105,0,A,3,C0D1F1T0,0,mm,a4_121820
348,WP30105,0,A,3,C1D1F0T0,2,mm,a4_121820
1805,WP30105,0,A,3,C0D0F1T0,1,mm,a4_121820
5039,WP30105,0,A,3,C1D0F0T1,1,mm,a4_121820
6475,WP30105,0,A,3,C1D0F1T0,1,mm,a4_121820
9490,WP30105,0,A,3,C1D0F0T0,1,mm,a4_121820
3276,WP30105,0,A,3,C0D1F0T1,1,mm,a4_121820
11213,WP30105,0,A,3,C0D0F0T1,1,mm,a4_121820
1903,WP30105,0,A,3,C0D1F1T1,0,mm,a4_121820
11222,WP30105,0,A,4,C1D1F1T1,1,mm,a4_121820
11230,WP30105,0,A,4,C0D0F0T1,1,mm,a4_121820
8021,WP30105,0,A,4,C0D1F1T1,1,mm,a4_121820
3553,WP30105,0,A,4,C1D1F0T0,1,mm,a4_121820
6422,WP30105,0,A,4,C0D0F1T0,1,mm,a4_121820
4787,WP30105,0,A,4,C1D0F0T0,1,mm,a4_121820
7957,WP30105,0,A,4,C0D1F1T0,1,mm,a4_121820
12730,WP30105,0,A,4,C0D0F1T1,1,mm,a4_121820
15979,WP30105,0,A,4,C0D1F0T1,1,mm,a4_121820
8149,WP30105,0,A,4,C0D1F0T0,1,mm,a4_121820
12683,WP30105,0,A,4,C1D0F1T0,1,mm,a4_121820
9697,WP30105,0,A,4,C1D0F0T1,1,mm,a4_121820
6661,WP30105,0,A,5,C1D1F0T0,2,mm,a4_121820
16066,WP30105,0,A,5,C0D1F1T0,1,mm,a4_121820
1812,WP30105,0,A,5,C1D0F1T0,1,mm,a4_121820
7869,WP30105,0,A,5,C1D0F0T0,1,mm,a4_121820
9568,WP30105,0,A,5,C0D1F0T0,1,mm,a4_121820
7991,WP30105,0,A,5,C0D0F1T0,1,mm,a4_121820
9607,WP30105,0,A,5,C1D1F1T1,1,mm,a4_121820
14189,WP30105,0,A,5,C0D0F1T1,1,mm,a4_121820
1831,WP30105,0,A,5,C1D0F0T1,1,mm,a4_121820
19060,WP30105,0,A,5,C0D1F0T1,1,mm,a4_121820
7914,WP30105,0,A,5,C0D0F0T1,1,mm,a4_121820
6485,WP30105,0,A,5,C0D1F1T1,1,mm,a4_121820
19058,WP30105,0,A,6,C1D0F0T0,1,mm,a4_121820
6377,WP30105,0,A,6,C0D1F0T0,1,mm,a4_121820
16129,WP30105,0,A,6,C0D0F1T1,1,mm,a4_121820
11056,WP30105,0,A,6,C0D0F1T0,1,mm,a4_121820
9693,WP30105,0,A,6,C1D1F0T0,1,mm,a4_121820
8053,WP30105,0,A,6,C0D1F1T1,1,mm,a4_121820
8018,WP30105,0,A,6,C1D1F1T1,1,mm,a4_121820
15916,WP30105,0,A,6,C0D0F0T1,1,mm,a4_121820
5000,WP30105,0,A,6,C1D0F0T1,1,mm,a4_121820
11114,WP30105,0,A,6,C1D0F1T0,1,mm,a4_121820
14183,WP30105,0,A,6,C0D1F0T1,0,mm,a4_121820
11334,WP30105,0,A,6,C0D1F1T0,1,mm,a4_121820
12963,WP30105,0,A,7,C0D1F1T0,1,mm,a4_121820
7968,WP30105,0,A,7,C1D1F1T1,1,mm,a4_121820
12746,WP30105,0,A,7,C1D0F0T1,1,mm,a4_121820
17306,WP30105,0,A,7,C0D1F0T1,1,mm,a4_121820
18804,WP30105,0,A,7,C0D1F1T1,0,mm,a4_121820
12831,WP30105,0,A,7,C0D0F1T0,1,mm,a4_121820
4779,WP30105,0,A,7,C0D1F0T0,1,mm,a4_121820
11267,WP30105,0,A,7,C1D1F0T0,1,mm,a4_121820
15924,WP30105,0,A,7,C1D0F0T0,1,mm,a4_121820
5151,WP30105,0,A,7,C0D0F1T1,1,mm,a4_121820
4822,WP30105,0,A,7,C1D0F1T0,1,mm,a4_121820
16005,WP30105,0,A,7,C0D0F0T1,1,mm,a4_121820
6319,WP30105,0,A,8,C1D0F1T0,1,mm,a4_121820
17506,WP30105,0,A,8,C0D1F0T0,1,mm,a4_121820
6464,WP30105,0,A,8,C1D1F1T1,1,mm,a4_121820
9811,WP30105,0,A,8,C0D1F1T1,1,mm,a4_121820
5023,WP30105,0,A,8,C1D0F0T1,1,mm,a4_121820
12812,WP30105,0,A,8,C1D1F0T0,1,mm,a4_121820
6683,WP30105,0,A,8,C0D0F1T1,1,mm,a4_121820
1041,WP30105,0,A,8,C0D1F1T0,0,mm,a4_121820
14244,WP30105,0,A,8,C0D0F1T0,1,mm,a4_121820
15929,WP30105,0,A,8,C1D0F0T0,1,mm,a4_121820
14251,WP30105,0,A,8,C0D0F0T1,1,mm,a4_121820
5177,WP30105,0,A,8,C0D1F0T1,1,mm,a4_121820
11388,WP30105,0,A,9,C0D1F1T1,1,mm,a4_121820
8727,WP30105,0,A,9,C0D1F1T0,1,mm,a4_121820
18918,WP30105,0,A,9,C0D0F1T0,1,mm,a4_121820
15960,WP30105,0,A,9,C0D1F0T0,1,mm,a4_121820
186,WP30105,0,A,9,C1D0F0T1,1,mm,a4_121820
12767,WP30105,0,A,9,C1D1F1T1,2,mm,a4_121820
5179,WP30105,0,A,9,C0D0F1T1,1,mm,a4_121820
19182,WP30105,0,A,9,C1D0F1T0,1,mm,a4_121820
17624,WP30105,0,A,9,C1D0F0T0,1,mm,a4_121820
12688,WP30105,0,A,9,C1D1F0T0,1,mm,a4_121820
14420,WP30105,0,A,9,C0D1F0T1,1,mm,a4_121820
12935,WP30105,0,A,9,C0D0F0T1,1,mm,a4_121820
17580,WP30105,0,A,10,C0D1F0T0,1,mm,a4_121820
7102,WP30105,0,A,10,C0D1F1T0,1,mm,a4_121820
17252,WP30105,0,A,10,C0D0F1T0,1,mm,a4_121820
11440,WP30105,0,A,10,C0D1F1T1,0,mm,a4_121820
17278,WP30105,0,A,10,C1D0F1T0,1,mm,a4_121820
17288,WP30105,0,A,10,C1D0F0T0,1,mm,a4_121820
6499,WP30105,0,A,10,C1D1F0T0,1,mm,a4_121820
12937,WP30105,0,A,10,C0D0F1T1,1,mm,a4_121820
14257,WP30105,0,A,10,C1D1F1T1,1,mm,a4_121820
4953,WP30105,0,A,10,C1D0F0T1,1,mm,a4_121820
8285,WP30105,0,A,10,C0D1F0T1,1,mm,a4_121820
14504,WP30105,0,A,10,C0D0F0T1,1,mm,a4_121820
6506,WP30105,0,A,11,C1D0F0T1,1,mm,a4_121820
12615,WP30105,0,A,11,C1D0F1T0,1,mm,a4_121820
12606,WP30105,0,A,11,C1D0F0T0,2,mm,a4_121820
5172,WP30105,0,A,11,C0D0F1T0,1,mm,a4_121820
17389,WP30105,0,A,11,C0D1F0T0,1,mm,a4_121820
18849,WP30105,0,A,11,C1D1F1T1,1,mm,a4_121820
9856,WP30105,0,A,11,C0D0F1T1,1,mm,a4_121820
6831,WP30105,0,A,11,C0D0F0T1,1,mm,a4_121820
9553,WP30105,0,A,11,C1D1F0T0,1,mm,a4_121820
12912,WP30105,0,A,11,C0D1F0T1,0,mm,a4_121820
6789,WP30105,0,A,11,C0D1F1T1,1,mm,a4_121820
3967,WP30105,0,A,11,C0D1F1T0,2,mm,a4_121820
17279,WP30105,0,A,12,C0D1F0T0,1,mm,a4_121820
6719,WP30105,0,A,12,C1D0F1T0,1,mm,a4_121820
15756,WP30105,0,A,12,C1D1F1T1,2,mm,a4_121820
6714,WP30105,0,A,12,C1D0F0T0,1,mm,a4_121820
6910,WP30105,0,A,12,C0D1F0T1,1,mm,a4_121820
5191,WP30105,0,A,12,C0D0F1T0,1,mm,a4_121820
8019,WP30105,0,A,12,C1D0F0T1,1,mm,a4_121820
3702,WP30105,0,A,12,C0D0F1T1,1,mm,a4_121820
13085,WP30105,0,A,12,C0D1F1T1,1,mm,a4_121820
5762,WP30105,0,A,12,C0D0F0T1,1,mm,a4_121820
7994,WP30105,0,A,12,C1D1F0T0,1,mm,a4_121820
3912,WP30105,0,A,12,C0D1F1T0,1,mm,a4_121820
3601,WP30105,0,B,1,C1D0F1T0,1,mm,a4_121820
9809,WP30105,0,B,1,C1D0F0T0,1,mm,a4_121820
12983,WP30105,0,B,1,C0D0F1T0,1,mm,a4_121820
17643,WP30105,0,B,1,C0D1F0T0,2,mm,a4_121820
9952,WP30105,0,B,1,C0D0F1T1,1,mm,a4_121820
2671,WP30105,0,B,1,C0D0F0T1,1,mm,a4_121820
1748,WP30105,0,B,1,C1D1F0T0,1,mm,a4_121820
5737,WP30105,0,B,1,C0D1F1T1,1,mm,a4_121820
12600,WP30105,0,B,1,C1D1F1T1,1,mm,a4_121820
56,WP30105,0,B,1,C1D0F0T1,1,mm,a4_121820
10371,WP30105,0,B,1,C0D1F1T0,1,mm,a4_121820
11533,WP30105,0,B,1,C0D1F0T1,1,mm,a4_121820
3604,WP30105,0,B,2,C1D1F1T1,0,mm,a4_121820
6801,WP30105,0,B,2,C0D0F1T0,1,mm,a4_121820
3856,WP30105,0,B,2,C0D1F0T1,1,mm,a4_121820
14994,WP30105,0,B,2,C0D1F1T0,1,mm,a4_121820
1998,WP30105,0,B,2,C0D1F1T1,1,mm,a4_121820
14408,WP30105,0,B,2,C1D0F0T0,1,mm,a4_121820
5703,WP30105,0,B,2,C0D0F0T1,1,mm,a4_121820
15899,WP30105,0,B,2,C1D0F0T1,1,mm,a4_121820
14404,WP30105,0,B,2,C1D0F1T0,1,mm,a4_121820
62,WP30105,0,B,2,C1D1F0T0,1,mm,a4_121820
5675,WP30105,0,B,2,C0D0F1T1,1,mm,a4_121820
8243,WP30105,0,B,2,C0D1F0T0,1,mm,a4_121820
6940,WP30105,0,B,3,C0D1F0T1,1,mm,a4_121820
19559,WP30105,0,B,3,C0D1F1T0,0,mm,a4_121820
11374,WP30105,0,B,3,C1D0F1T0,1,mm,a4_121820
4116,WP30105,0,B,3,C0D1F1T1,1,mm,a4_121820
15948,WP30105,0,B,3,C1D0F0T1,1,mm,a4_121820
12973,WP30105,0,B,3,C1D1F1T1,1,mm,a4_121820
8465,WP30105,0,B,3,C0D0F1T0,1,mm,a4_121820
5424,WP30105,0,B,3,C1D0F0T0,0,mm,a4_121820
7217,WP30105,0,B,3,C0D0F1T1,1,mm,a4_121820
7890,WP30105,0,B,3,C1D1F0T0,1,mm,a4_121820
9999,WP30105,0,B,3,C0D1F0T0,1,mm,a4_121820
2570,WP30105,0,B,3,C0D0F0T1,1,mm,a4_121820
5533,WP30105,0,B,4,C0D0F1T1,1,mm,a4_121820
25,WP30105,0,B,4,C1D1F0T0,1,mm,a4_121820
1056,WP30105,0,B,4,C1D0F0T0,0,mm,a4_121820
3748,WP30105,0,B,4,C1D0F1T0,1,mm,a4_121820
19755,WP30105,0,B,4,C0D1F1T0,1,mm,a4_121820
8833,WP30105,0,B,4,C0D1F0T1,1,mm,a4_121820
17382,WP30105,0,B,4,C1D0F0T1,1,mm,a4_121820
8421,WP30105,0,B,4,C0D1F0T0,1,mm,a4_121820
14619,WP30105,0,B,4,C0D0F1T0,1,mm,a4_121820
8701,WP30105,0,B,4,C0D0F0T1,1,mm,a4_121820
9954,WP30105,0,B,4,C1D1F1T1,1,mm,a4_121820
7216,WP30105,0,B,4,C0D1F1T1,1,mm,a4_121820
5696,WP30105,0,B,5,C0D1F0T0,1,mm,a4_121820
19425,WP30105,0,B,5,C0D1F1T0,1,mm,a4_121820
13077,WP30105,0,B,5,C0D0F1T0,2,mm,a4_121820
17545,WP30105,0,B,5,C1D0F0T1,1,mm,a4_121820
8703,WP30105,0,B,5,C0D1F1T1,1,mm,a4_121820
483,WP30105,0,B,5,C0D1F0T1,1,mm,a4_121820
14564,WP30105,0,B,5,C1D1F1T1,1,mm,a4_121820
873,WP30105,0,B,5,C0D0F1T1,1,mm,a4_121820
14334,WP30105,0,B,5,C1D1F0T0,1,mm,a4_121820
14623,WP30105,0,B,5,C1D0F1T0,1,mm,a4_121820
3930,WP30105,0,B,5,C0D0F0T1,1,mm,a4_121820
2048,WP30105,0,B,5,C1D0F0T0,1,mm,a4_121820
2053,WP30105,0,B,6,C0D1F0T0,1,mm,a4_121820
19093,WP30105,0,B,6,C1D1F0T0,1,mm,a4_121820
11994,WP30105,0,B,6,C0D1F1T0,1,mm,a4_121820
747,WP30105,0,B,6,C0D0F0T1,1,mm,a4_121820
6909,WP30105,0,B,6,C1D0F1T0,1,mm,a4_121820
16088,WP30105,0,B,6,C1D0F0T1,1,mm,a4_121820
8391,WP30105,0,B,6,C1D1F1T1,1,mm,a4_121820
1009,WP30105,0,B,6,C0D1F0T1,1,mm,a4_121820
9997,WP30105,0,B,6,C0D0F1T0,1,mm,a4_121820
7152,WP30105,0,B,6,C1D0F0T0,1,mm,a4_121820
4083,WP30105,0,B,6,C0D1F1T1,1,mm,a4_121820
5476,WP30105,0,B,6,C0D0F1T1,1,mm,a4_121820
19149,WP30105,0,B,7,C1D0F0T1,1,mm,a4_121820
16528,WP30105,0,B,7,C0D0F0T1,1,mm,a4_121820
7434,WP30105,0,B,7,C0D1F1T0,1,mm,a4_121820
13079,WP30105,0,B,7,C1D0F1T0,2,mm,a4_121820
642,WP30105,0,B,7,C1D0F0T0,1,mm,a4_121820
14606,WP30105,0,B,7,C1D1F1T1,1,mm,a4_121820
8579,WP30105,0,B,7,C0D0F1T1,1,mm,a4_121820
11577,WP30105,0,B,7,C0D0F1T0,0,mm,a4_121820
8696,WP30105,0,B,7,C0D1F0T0,1,mm,a4_121820
2635,WP30105,0,B,7,C0D1F0T1,1,mm,a4_121820
17641,WP30105,0,B,7,C1D1F0T0,1,mm,a4_121820
656,WP30105,0,B,7,C0D1F1T1,1,mm,a4_121820
16134,WP30105,0,B,8,C1D1F0T0,1,mm,a4_121820
402,WP30105,0,B,8,C1D1F1T1,1,mm,a4_121820
3906,WP30105,0,B,8,C0D1F1T1,1,mm,a4_121820
2437,WP30105,0,B,8,C0D1F0T1,1,mm,a4_121820
14596,WP30105,0,B,8,C1D0F1T0,1,mm,a4_121820
833,WP30105,0,B,8,C1D0F0T0,1,mm,a4_121820
13457,WP30105,0,B,8,C0D0F0T1,1,mm,a4_121820
741,WP30105,0,B,8,C0D0F1T1,1,mm,a4_121820
731,WP30105,0,B,8,C0D1F0T0,1,mm,a4_121820
1001,WP30105,0,B,8,C0D0F1T0,1,mm,a4_121820
17589,WP30105,0,B,8,C1D0F0T1,1,mm,a4_121820
15144,WP30105,0,B,8,C0D1F1T0,1,mm,a4_121820
7246,WP30105,0,B,9,C1D1F1T1,1,mm,a4_121820
3834,WP30105,0,B,9,C1D0F1T0,1,mm,a4_121820
14827,WP30105,0,B,9,C0D0F0T1,1,mm,a4_121820
616,WP30105,0,B,9,C0D1F0T1,1,mm,a4_121820
16173,WP30105,0,B,9,C1D1F0T0,1,mm,a4_121820
14991,WP30105,0,B,9,C0D1F1T1,1,mm,a4_121820
456,WP30105,0,B,9,C0D0F1T0,1,mm,a4_121820
12653,WP30105,0,B,9,C1D0F0T1,1,mm,a4_121820
5437,WP30105,0,B,9,C0D0F1T1,1,mm,a4_121820
16426,WP30105,0,B,9,C0D1F0T0,1,mm,a4_121820
9020,WP30105,0,B,9,C0D1F1T0,1,mm,a4_121820
3991,WP30105,0,B,9,C1D0F0T0,0,mm,a4_121820
2456,WP30105,0,B,10,C1D0F0T0,1,mm,a4_121820
8311,WP30105,0,B,10,C1D1F0T0,1,mm,a4_121820
10598,WP30105,0,B,10,C0D1F1T0,1,mm,a4_121820
4166,WP30105,0,B,10,C1D1F1T1,1,mm,a4_121820
17648,WP30105,0,B,10,C1D0F0T1,1,mm,a4_121820
19695,WP30105,0,B,10,C0D1F1T1,1,mm,a4_121820
5727,WP30105,0,B,10,C0D0F1T0,1,mm,a4_121820
405,WP30105,0,B,10,C1D0F1T0,1,mm,a4_121820
16393,WP30105,0,B,10,C0D1F0T0,1,mm,a4_121820
2480,WP30105,0,B,10,C0D1F0T1,1,mm,a4_121820
3907,WP30105,0,B,10,C0D0F1T1,1,mm,a4_121820
13291,WP30105,0,B,10,C0D0F0T1,1,mm,a4_121820
16522,WP30105,0,B,11,C0D0F1T1,1,mm,a4_121820
13321,WP30105,0,B,11,C0D1F0T0,1,mm,a4_121820
19563,WP30105,0,B,11,C0D1F1T1,1,mm,a4_121820
18308,WP30105,0,B,11,C0D1F1T0,1,mm,a4_121820
1077,WP30105,0,B,11,C1D0F1T0,1,mm,a4_121820
2292,WP30105,0,B,11,C0D1F0T1,1,mm,a4_121820
14978,WP30105,0,B,11,C1D0F0T0,1,mm,a4_121820
13241,WP30105,0,B,11,C0D0F0T1,1,mm,a4_121820
446,WP30105,0,B,11,C1D1F1T1,1,mm,a4_121820
4124,WP30105,0,B,11,C0D0F1T0,0,mm,a4_121820
14474,WP30105,0,B,11,C1D1F0T0,1,mm,a4_121820
12602,WP30105,0,B,11,C1D0F0T1,1,mm,a4_121820
577,WP30105,0,B,12,C1D1F1T1,1,mm,a4_121820
19698,WP30105,0,B,12,C1D0F0T0,0,mm,a4_121820
8788,WP30105,0,B,12,C1D0F1T0,1,mm,a4_121820
18371,WP30105,0,B,12,C0D1F1T0,1,mm,a4_121820
3644,WP30105,0,B,12,C1D1F0T0,1,mm,a4_121820
19574,WP30105,0,B,12,C0D1F1T1,1,mm,a4_121820
16458,WP30105,0,B,12,C0D0F1T1,1,mm,a4_121820
8594,WP30105,0,B,12,C0D1F0T1,1,mm,a4_121820
19432,WP30105,0,B,12,C0D1F0T0,1,mm,a4_121820
17797,WP30105,0,B,12,C0D0F0T1,1,mm,a4_121820
8231,WP30105,0,B,12,C1D0F0T1,1,mm,a4_121820
7121,WP30105,0,B,12,C0D0F1T0,1,mm,a4_121820
5138,WP30105,0,C,1,C1D0F0T1,1,mm,a4_121820
11615,WP30105,0,C,1,C0D0F0T1,1,mm,a4_121820
4267,WP30105,0,C,1,C0D1F1T0,1,mm,a4_121820
14866,WP30105,0,C,1,C1D0F0T0,1,mm,a4_121820
17791,WP30105,0,C,1,C0D1F0T0,1,mm,a4_121820
19717,WP30105,0,C,1,C0D1F1T1,1,mm,a4_121820
5532,WP30105,0,C,1,C0D0F1T0,1,mm,a4_121820
2395,WP30105,0,C,1,C1D1F1T1,1,mm,a4_121820
19723,WP30105,0,C,1,C0D0F1T1,1,mm,a4_121820
826,WP30105,0,C,1,C0D1F0T1,1,mm,a4_121820
522,WP30105,0,C,1,C1D0F1T0,1,mm,a4_121820
3682,WP30105,0,C,1,C1D1F0T0,1,mm,a4_121820
14974,WP30105,0,C,2,C0D1F0T1,1,mm,a4_121820
809,WP30105,0,C,2,C1D1F1T1,0,mm,a4_121820
14468,WP30105,0,C,2,C1D0F0T1,1,mm,a4_121820
16048,WP30105,0,C,2,C1D1F0T0,1,mm,a4_121820
19534,WP30105,0,C,2,C0D0F1T1,1,mm,a4_121820
698,WP30105,0,C,2,C0D0F1T0,1,mm,a4_121820
19941,WP30105,0,C,2,C0D1F0T0,1,mm,a4_121820
1100,WP30105,0,C,2,C0D1F1T0,1,mm,a4_121820
16430,WP30105,0,C,2,C1D0F0T0,1,mm,a4_121820
4089,WP30105,0,C,2,C1D0F1T0,1,mm,a4_121820
19794,WP30105,0,C,2,C0D1F1T1,1,mm,a4_121820
11950,WP30105,0,C,2,C0D0F0T1,1,mm,a4_121820
19724,WP30105,0,C,3,C0D1F0T1,1,mm,a4_121820
14677,WP30105,0,C,3,C0D1F0T0,1,mm,a4_121820
2297,WP30105,0,C,3,C1D1F1T1,1,mm,a4_121820
14777,WP30105,0,C,3,C0D0F1T1,1,mm,a4_121820
2831,WP30105,0,C,3,C0D1F1T0,1,mm,a4_121820
4049,WP30105,0,C,3,C1D0F1T0,1,mm,a4_121820
10285,WP30105,0,C,3,C0D1F1T1,1,mm,a4_121820
3637,WP30105,0,C,3,C1D0F0T1,1,mm,a4_121820
19682,WP30105,0,C,3,C0D0F1T0,2,mm,a4_121820
13528,WP30105,0,C,3,C0D0F0T1,1,mm,a4_121820
19459,WP30105,0,C,3,C1D0F0T0,1,mm,a4_121820
11502,WP30105,0,C,3,C1D1F0T0,1,mm,a4_121820
4629,WP30105,0,C,4,C0D1F1T0,2,mm,a4_121820
13581,WP30105,0,C,4,C0D0F0T1,1,mm,a4_121820
11456,WP30105,0,C,4,C1D0F0T1,1,mm,a4_121820
3811,WP30105,0,C,4,C1D1F0T0,1,mm,a4_121820
5456,WP30105,0,C,4,C1D1F1T1,1,mm,a4_121820
4084,WP30105,0,C,4,C1D0F1T0,1,mm,a4_121820
13415,WP30105,0,C,4,C0D1F0T1,1,mm,a4_121820
19899,WP30105,0,C,4,C1D0F0T0,1,mm,a4_121820
14900,WP30105,0,C,4,C0D0F1T0,1,mm,a4_121820
13151,WP30105,0,C,4,C0D1F0T0,1,mm,a4_121820
10140,WP30105,0,C,4,C0D0F1T1,1,mm,a4_121820
13289,WP30105,0,C,4,C0D1F1T1,1,mm,a4_121820
7320,WP30105,0,C,5,C0D1F0T0,1,mm,a4_121820
14976,WP30105,0,C,5,C1D1F1T1,1,mm,a4_121820
13116,WP30105,0,C,5,C1D1F0T0,1,mm,a4_121820
615,WP30105,0,C,5,C1D0F1T0,1,mm,a4_121820
13662,WP30105,0,C,5,C0D0F0T1,1,mm,a4_121820
18290,WP30105,0,C,5,C1D0F0T0,1,mm,a4_121820
9889,WP30105,0,C,5,C1D0F0T1,1,mm,a4_121820
16386,WP30105,0,C,5,C0D0F1T0,1,mm,a4_121820
16444,WP30105,0,C,5,C0D1F0T1,1,mm,a4_121820
4360,WP30105,0,C,5,C0D1F1T0,1,mm,a4_121820
10526,WP30105,0,C,5,C0D0F1T1,1,mm,a4_121820
10232,WP30105,0,C,5,C0D1F1T1,1,mm,a4_121820
16041,WP30105,0,C,6,C1D0F0T1,1,mm,a4_121820
8645,WP30105,0,C,6,C1D0F1T0,1,mm,a4_121820
13482,WP30105,0,C,6,C0D1F0T0,0,mm,a4_121820
19896,WP30105,0,C,6,C0D1F1T1,1,mm,a4_121820
11780,WP30105,0,C,6,C0D0F1T0,1,mm,a4_121820
10038,WP30105,0,C,6,C1D1F0T0,1,mm,a4_121820
18198,WP30105,0,C,6,C0D0F1T1,1,mm,a4_121820
11914,WP30105,0,C,6,C1D1F1T1,1,mm,a4_121820
10600,WP30105,0,C,6,C0D0F0T1,1,mm,a4_121820
10168,WP30105,0,C,6,C0D1F0T1,1,mm,a4_121820
2801,WP30105,0,C,6,C0D1F1T0,1,mm,a4_121820
12169,WP30105,0,C,6,C1D0F0T0,1,mm,a4_121820
2627,WP30105,0,C,7,C1D1F0T0,1,mm,a4_121820
1142,WP30105,0,C,7,C1D0F0T0,1,mm,a4_121820
8574,WP30105,0,C,7,C1D0F1T0,1,mm,a4_121820
17852,WP30105,0,C,7,C0D0F1T0,1,mm,a4_121820
19445,WP30105,0,C,7,C0D1F0T1,2,mm,a4_121820
15054,WP30105,0,C,7,C0D1F0T0,1,mm,a4_121820
11532,WP30105,0,C,7,C1D0F0T1,1,mm,a4_121820
12079,WP30105,0,C,7,C0D0F1T1,1,mm,a4_121820
1284,WP30105,0,C,7,C0D1F1T0,1,mm,a4_121820
13462,WP30105,0,C,7,C1D1F1T1,1,mm,a4_121820
16283,WP30105,0,C,7,C0D1F1T1,1,mm,a4_121820
16753,WP30105,0,C,7,C0D0F0T1,1,mm,a4_121820
12000,WP30105,0,C,8,C0D1F0T0,1,mm,a4_121820
16492,WP30105,0,C,8,C1D1F1T1,1,mm,a4_121820
13194,WP30105,0,C,8,C0D1F0T1,1,mm,a4_121820
11622,WP30105,0,C,8,C0D1F1T1,1,mm,a4_121820
10634,WP30105,0,C,8,C0D0F0T1,2,mm,a4_121820
1556,WP30105,0,C,8,C1D0F0T0,1,mm,a4_121820
16311,WP30105,0,C,8,C0D0F1T0,1,mm,a4_121820
4502,WP30105,0,C,8,C0D1F1T0,1,mm,a4_121820
827,WP30105,0,C,8,C1D0F1T0,1,mm,a4_121820
4111,WP30105,0,C,8,C1D1F0T0,1,mm,a4_121820
11528,WP30105,0,C,8,C1D0F0T1,1,mm,a4_121820
16775,WP30105,0,C,8,C0D0F1T1,1,mm,a4_121820
17860,WP30105,0,C,9,C0D0F1T0,1,mm,a4_121820
10439,WP30105,0,C,9,C0D1F0T0,1,mm,a4_121820
487,WP30105,0,C,9,C1D1F0T0,1,mm,a4_121820
15226,WP30105,0,C,9,C0D0F1T1,1,mm,a4_121820
19773,WP30105,0,C,9,C1D1F1T1,1,mm,a4_121820
13061,WP30105,0,C,9,C1D0F0T1,0,mm,a4_121820
1356,WP30105,0,C,9,C0D1F1T0,1,mm,a4_121820
8519,WP30105,0,C,9,C1D0F1T0,1,mm,a4_121820
7562,WP30105,0,C,9,C0D0F0T1,1,mm,a4_121820
9408,WP30105,0,C,9,C1D0F0T0,1,mm,a4_121820
16208,WP30105,0,C,9,C0D1F0T1,1,mm,a4_121820
17782,WP30105,0,C,9,C0D1F1T1,1,mm,a4_121820
1185,WP30105,0,C,10,C0D0F0T1,1,mm,a4_121820
12563,WP30105,0,C,10,C0D1F1T0,0,mm,a4_121820
721,WP30105,0,C,10,C1D0F1T0,1,mm,a4_121820
7573,WP30105,0,C,10,C0D0F1T1,1,mm,a4_121820
8683,WP30105,0,C,10,C1D1F0T0,1,mm,a4_121820
17768,WP30105,0,C,10,C0D1F0T1,1,mm,a4_121820
12512,WP30105,0,C,10,C1D0F0T0,1,mm,a4_121820
7338,WP30105,0,C,10,C0D1F1T1,1,mm,a4_121820
11816,WP30105,0,C,10,C1D1F1T1,1,mm,a4_121820
10097,WP30105,0,C,10,C0D0F1T0,1,mm,a4_121820
13570,WP30105,0,C,10,C0D1F0T0,1,mm,a4_121820
5385,WP30105,0,C,10,C1D0F0T1,1,mm,a4_121820
10418,WP30105,0,C,11,C0D1F0T1,1,mm,a4_121820
18608,WP30105,0,C,11,C1D0F0T0,1,mm,a4_121820
15234,WP30105,0,C,11,C0D1F0T0,1,mm,a4_121820
18363,WP30105,0,C,11,C0D0F1T1,1,mm,a4_121820
10957,WP30105,0,C,11,C0D1F1T0,1,mm,a4_121820
1052,WP30105,0,C,11,C1D0F0T1,1,mm,a4_121820
2532,WP30105,0,C,11,C1D1F0T0,1,mm,a4_121820
1360,WP30105,0,C,11,C0D0F0T1,1,mm,a4_121820
14729,WP30105,0,C,11,C0D0F1T0,1,mm,a4_121820
2320,WP30105,0,C,11,C1D0F1T0,1,mm,a4_121820
18148,WP30105,0,C,11,C0D1F1T1,1,mm,a4_121820
11836,WP30105,0,C,11,C1D1F1T1,1,mm,a4_121820
7633,WP30105,0,C,12,C1D0F0T0,2,mm,a4_121820
13435,WP30105,0,C,12,C1D0F1T0,1,mm,a4_121820
9421,WP30105,0,C,12,C0D1F1T0,1,mm,a4_121820
19386,WP30105,0,C,12,C0D0F1T0,1,mm,a4_121820
8802,WP30105,0,C,12,C1D0F0T1,1,mm,a4_121820
17915,WP30105,0,C,12,C1D1F1T1,1,mm,a4_121820
16595,WP30105,0,C,12,C0D1F1T1,1,mm,a4_121820
6278,WP30105,0,C,12,C0D1F0T0,1,mm,a4_121820
13486,WP30105,0,C,12,C0D1F0T1,0,mm,a4_121820
8563,WP30105,0,C,12,C1D1F0T0,1,mm,a4_121820
1316,WP30105,0,C,12,C0D0F0T1,1,mm,a4_121820
4746,WP30105,0,C,12,C0D0F1T1,1,mm,a4_121820
19622,WP30105,0,D,1,C1D0F1T0,1,mm,a4_121820
2757,WP30105,0,D,1,C0D1F0T0,1,mm,a4_121820
680,WP30105,0,D,1,C1D1F0T0,1,mm,a4_121820
15083,WP30105,0,D,1,C0D1F1T1,1,mm,a4_121820
16374,WP30105,0,D,1,C1D1F1T1,1,mm,a4_121820
15371,WP30105,0,D,1,C1D0F0T0,1,mm,a4_121820
11978,WP30105,0,D,1,C0D1F0T1,1,mm,a4_121820
2541,WP30105,0,D,1,C1D0F0T1,1,mm,a4_121820
7864,WP30105,0,D,1,C0D0F0T1,1,mm,a4_121820
7835,WP30105,0,D,1,C0D1F1T0,1,mm,a4_121820
11679,WP30105,0,D,1,C0D0F1T0,1,mm,a4_121820
5779,WP30105,0,D,1,C0D0F1T1,1,mm,a4_121820
14857,WP30105,0,D,2,C1D1F1T1,1,mm,a4_121820
2094,WP30105,0,D,2,C1D0F0T1,1,mm,a4_121820
9410,WP30105,0,D,2,C0D0F0T1,1,mm,a4_121820
10459,WP30105,0,D,2,C0D1F1T1,1,mm,a4_121820
16613,WP30105,0,D,2,C0D1F0T1,1,mm,a4_121820
5841,WP30105,0,D,2,C0D1F0T0,1,mm,a4_121820
7760,WP30105,0,D,2,C0D1F1T0,0,mm,a4_121820
11922,WP30105,0,D,2,C1D0F1T0,1,mm,a4_121820
5854,WP30105,0,D,2,C0D0F1T1,1,mm,a4_121820
13168,WP30105,0,D,2,C0D0F1T0,1,mm,a4_121820
3951,WP30105,0,D,2,C1D1F0T0,1,mm,a4_121820
822,WP30105,0,D,3,C1D1F0T0,1,mm,a4_121820
12363,WP30105,0,D,3,C0D1F1T0,1,mm,a4_121820
15126,WP30105,0,D,3,C0D1F1T1,1,mm,a4_121820
3139,WP30105,0,D,3,C0D0F1T1,1,mm,a4_121820
16642,WP30105,0,D,3,C0D1F0T1,1,mm,a4_121820
17063,WP30105,0,D,3,C0D0F0T1,1,mm,a4_121820
19872,WP30105,0,D,3,C1D1F1T1,1,mm,a4_121820
5583,WP30105,0,D,3,C1D0F0T1,1,mm,a4_121820
1251,WP30105,0,D,3,C0D1F0T0,1,mm,a4_121820
17761,WP30105,0,D,3,C0D0F1T0,1,mm,a4_121820
11859,WP30105,0,D,3,C1D0F1T0,1,mm,a4_121820
8527,WP30105,0,D,4,C1D1F0T0,2,mm,a4_121820
18026,WP30105,0,D,4,C1D0F1T0,1,mm,a4_121820
6063,WP30105,0,D,4,C0D1F0T0,1,mm,a4_121820
12031,WP30105,0,D,4,C0D1F1T1,1,mm,a4_121820
16222,WP30105,0,D,4,C0D0F1T0,1,mm,a4_121820
6159,WP30105,0,D,4,C0D0F0T1,2,mm,a4_121820
9018,WP30105,0,D,4,C0D1F0T1,1,mm,a4_121820
5906,WP30105,0,D,4,C0D0F1T1,1,mm,a4_121820
4042,WP30105,0,D,4,C1D0F0T1,1,mm,a4_121820
18560,WP30105,0,D,4,C0D1F1T0,1,mm,a4_121820
15051,WP30105,0,D,4,C1D1F1T1,1,mm,a4_121820
19965,WP30105,0,D,5,C0D0F1T0,1,mm,a4_121820
558,WP30105,0,D,5,C1D0F0T1,0,mm,a4_121820
18247,WP30105,0,D,5,C0D1F1T1,1,mm,a4_121820
12324,WP30105,0,D,5,C0D0F0T1,1,mm,a4_121820
11809,WP30105,0,D,5,C1D0F1T0,1,mm,a4_121820
18171,WP30105,0,D,5,C1D1F1T1,1,mm,a4_121820
9418,WP30105,0,D,5,C0D1F0T0,1,mm,a4_121820
10400,WP30105,0,D,5,C1D1F0T0,1,mm,a4_121820
5880,WP30105,0,D,5,C0D0F1T1,1,mm,a4_121820
4728,WP30105,0,D,5,C0D1F0T1,1,mm,a4_121820
12403,WP30105,0,D,6,C0D1F0T0,1,mm,a4_121820
7165,WP30105,0,D,6,C1D0F0T1,2,mm,a4_121820
13158,WP30105,0,D,6,C0D0F1T0,1,mm,a4_121820
5844,WP30105,0,D,6,C0D1F0T1,1,mm,a4_121820
12076,WP30105,0,D,6,C0D1F1T1,1,mm,a4_121820
9426,WP30105,0,D,6,C0D0F1T1,0,mm,a4_121820
11812,WP30105,0,D,6,C1D0F1T0,1,mm,a4_121820
18035,WP30105,0,D,6,C1D1F0T0,1,mm,a4_121820
10781,WP30105,0,D,6,C0D0F0T1,1,mm,a4_121820
8979,WP30105,0,D,6,C1D1F1T1,1,mm,a4_121820
16988,WP30105,0,D,7,C0D0F0T1,1,mm,a4_121820
19764,WP30105,0,D,7,C1D0F1T0,1,mm,a4_121820
4008,WP30105,0,D,7,C1D0F0T1,1,mm,a4_121820
9028,WP30105,0,D,7,C0D1F1T1,1,mm,a4_121820
9196,WP30105,0,D,7,C0D0F1T1,1,mm,a4_121820
14864,WP30105,0,D,7,C1D1F0T0,1,mm,a4_121820
4649,WP30105,0,D,7,C0D1F0T1,1,mm,a4_121820
18596,WP30105,0,D,7,C0D1F0T0,1,mm,a4_121820
18235,WP30105,0,D,7,C1D1F1T1,1,mm,a4_121820
11625,WP30105,0,D,7,C0D0F1T0,1,mm,a4_121820
12053,WP30105,0,D,8,C1D1F1T1,1,mm,a4_121820
12021,WP30105,0,D,8,C0D0F1T0,0,mm,a4_121820
18416,WP30105,0,D,8,C0D0F1T1,1,mm,a4_121820
9141,WP30105,0,D,8,C0D0F0T1,1,mm,a4_121820
16860,WP30105,0,D,8,C0D1F0T0,1,mm,a4_121820
19512,WP30105,0,D,8,C1D1F0T0,1,mm,a4_121820
2217,WP30105,0,D,8,C1D0F0T1,0,mm,a4_121820
7445,WP30105,0,D,8,C0D1F0T1,1,mm,a4_121820
7458,WP30105,0,D,8,C0D1F1T1,2,mm,a4_121820
17931,WP30105,0,D,8,C1D0F1T0,1,mm,a4_121820
16877,WP30105,0,D,9,C0D0F1T1,0,mm,a4_121820
10466,WP30105,0,D,9,C0D0F1T0,0,mm,a4_121820
8559,WP30105,0,D,9,C1D0F1T0,1,mm,a4_121820
2875,WP30105,0,D,9,C0D1F0T1,1,mm,a4_121820
18343,WP30105,0,D,9,C0D1F1T1,1,mm,a4_121820
609,WP30105,0,D,9,C1D0F0T1,2,mm,a4_121820
7417,WP30105,0,D,9,C1D1F1T1,1,mm,a4_121820
16885,WP30105,0,D,9,C0D1F0T0,1,mm,a4_121820
11737,WP30105,0,D,9,C1D1F0T0,1,mm,a4_121820
15252,WP30105,0,D,10,C0D0F1T0,1,mm,a4_121820
8597,WP30105,0,D,10,C1D0F0T1,1,mm,a4_121820
19955,WP30105,0,D,10,C1D0F1T0,1,mm,a4_121820
16702,WP30105,0,D,10,C1D1F1T1,1,mm,a4_121820
16841,WP30105,0,D,10,C0D1F1T1,1,mm,a4_121820
16370,WP30105,0,D,10,C1D1F0T0,1,mm,a4_121820
1299,WP30105,0,D,10,C0D1F0T1,0,mm,a4_121820
11005,WP30105,0,D,11,C0D1F0T1,1,mm,a4_121820
5805,WP30105,0,D,11,C0D1F1T1,0,mm,a4_121820
16380,WP30105,0,D,11,C1D1F0T0,1,mm,a4_121820
8546,WP30105,0,D,11,C1D0F0T1,1,mm,a4_121820
16220,WP30105,0,D,11,C1D0F1T0,1,mm,a4_121820
12150,WP30105,0,D,11,C1D1F1T1,1,mm,a4_121820
12163,WP30105,0,D,11,C0D0F1T0,1,mm,a4_121820
19801,WP30105,0,D,12,C1D1F0T0,1,mm,a4_121820
11889,WP30105,0,D,12,C1D0F0T1,1,mm,a4_121820
10446,WP30105,0,D,12,C1D0F1T0,1,mm,a4_121820
16756,WP30105,0,D,12,C0D0F1T0,1,mm,a4_121820
15228,WP30105,0,D,12,C1D1F1T1,1,mm,a4_121820
5796,WP30105,0,D,12,C0D1F1T1,1,mm,a4_121820
12561,WP30105,0,D,12,C0D1F0T1,1,mm,a4_121820
